[
    {
        "id": "0fffb42cf4046094",
        "type": "tab",
        "label": "Flow 1",
        "disabled": false,
        "info": "",
        "env": []
    },
    {
        "id": "c184d75bb3f4670f",
        "type": "ui_base",
        "theme": {
            "name": "theme-light",
            "lightTheme": {
                "default": "#0094CE",
                "baseColor": "#0094CE",
                "baseFont": "-apple-system,BlinkMacSystemFont,Segoe UI,Roboto,Oxygen-Sans,Ubuntu,Cantarell,Helvetica Neue,sans-serif",
                "edited": true,
                "reset": false
            },
            "darkTheme": {
                "default": "#097479",
                "baseColor": "#097479",
                "baseFont": "-apple-system,BlinkMacSystemFont,Segoe UI,Roboto,Oxygen-Sans,Ubuntu,Cantarell,Helvetica Neue,sans-serif",
                "edited": false
            },
            "customTheme": {
                "name": "Untitled Theme 1",
                "default": "#4B7930",
                "baseColor": "#4B7930",
                "baseFont": "-apple-system,BlinkMacSystemFont,Segoe UI,Roboto,Oxygen-Sans,Ubuntu,Cantarell,Helvetica Neue,sans-serif"
            },
            "themeState": {
                "base-color": {
                    "default": "#0094CE",
                    "value": "#0094CE",
                    "edited": false
                },
                "page-titlebar-backgroundColor": {
                    "value": "#0094CE",
                    "edited": false
                },
                "page-backgroundColor": {
                    "value": "#fafafa",
                    "edited": false
                },
                "page-sidebar-backgroundColor": {
                    "value": "#ffffff",
                    "edited": false
                },
                "group-textColor": {
                    "value": "#1bbfff",
                    "edited": false
                },
                "group-borderColor": {
                    "value": "#ffffff",
                    "edited": false
                },
                "group-backgroundColor": {
                    "value": "#ffffff",
                    "edited": false
                },
                "widget-textColor": {
                    "value": "#111111",
                    "edited": false
                },
                "widget-backgroundColor": {
                    "value": "#0094ce",
                    "edited": false
                },
                "widget-borderColor": {
                    "value": "#ffffff",
                    "edited": false
                },
                "base-font": {
                    "value": "-apple-system,BlinkMacSystemFont,Segoe UI,Roboto,Oxygen-Sans,Ubuntu,Cantarell,Helvetica Neue,sans-serif"
                }
            },
            "angularTheme": {
                "primary": "indigo",
                "accents": "blue",
                "warn": "red",
                "background": "grey",
                "palette": "light"
            }
        },
        "site": {
            "name": "Node-RED Dashboard",
            "hideToolbar": "false",
            "allowSwipe": "false",
            "lockMenu": "false",
            "allowTempTheme": "true",
            "dateFormat": "DD/MM/YYYY",
            "sizes": {
                "sx": 48,
                "sy": 48,
                "gx": 6,
                "gy": 6,
                "cx": 6,
                "cy": 6,
                "px": 0,
                "py": 0
            }
        }
    },
    {
        "id": "26af7054d43d60c8",
        "type": "ui_tab",
        "name": "Smart Car Monitoring System",
        "icon": "dashboard",
        "order": 2,
        "disabled": false,
        "hidden": false
    },
    {
        "id": "be3d3f8a51a9d16f",
        "type": "ui_group",
        "name": "Operational",
        "tab": "26af7054d43d60c8",
        "order": 2,
        "disp": true,
        "width": "6",
        "collapse": false,
        "className": ""
    },
    {
        "id": "593b6995eba0262d",
        "type": "ui_group",
        "name": "Performance",
        "tab": "26af7054d43d60c8",
        "order": 3,
        "disp": true,
        "width": "6",
        "collapse": false,
        "className": ""
    },
    {
        "id": "a1557015ceb9a6a6",
        "type": "mqtt-broker",
        "name": "",
        "broker": "localhost",
        "port": "1883",
        "clientid": "",
        "autoConnect": true,
        "usetls": false,
        "protocolVersion": "4",
        "keepalive": "60",
        "cleansession": true,
        "autoUnsubscribe": true,
        "birthTopic": "",
        "birthQos": "0",
        "birthRetain": "false",
        "birthPayload": "",
        "birthMsg": {},
        "closeTopic": "",
        "closeQos": "0",
        "closeRetain": "false",
        "closePayload": "",
        "closeMsg": {},
        "willTopic": "",
        "willQos": "0",
        "willRetain": "false",
        "willPayload": "",
        "willMsg": {},
        "userProps": "",
        "sessionExpiry": ""
    },
    {
        "id": "a31c36e0.0774f8",
        "type": "mqtt-broker",
        "z": "0fffb42cf4046094",
        "name": "",
        "broker": "localhost",
        "port": "1883",
        "clientid": "",
        "autoConnect": true,
        "usetls": false,
        "protocolVersion": "4",
        "keepalive": "60",
        "cleansession": true,
        "autoUnsubscribe": true,
        "birthTopic": "",
        "birthQos": "0",
        "birthPayload": "",
        "birthMsg": {},
        "closeTopic": "",
        "closePayload": "",
        "closeMsg": {},
        "willTopic": "",
        "willQos": "0",
        "willPayload": "",
        "willMsg": {},
        "userProps": "",
        "sessionExpiry": ""
    },
    {
        "id": "97db1efe.5325",
        "type": "mqtt-broker",
        "z": "0fffb42cf4046094",
        "broker": "127.0.0.1",
        "port": "1883",
        "clientid": "",
        "usetls": false,
        "compatmode": true,
        "keepalive": "60",
        "cleansession": true,
        "birthTopic": "",
        "birthQos": "0",
        "birthPayload": "",
        "willTopic": "",
        "willQos": "0",
        "willPayload": ""
    },
    {
        "id": "577648d12a47c19f",
        "type": "ui_group",
        "name": "Comfort",
        "tab": "26af7054d43d60c8",
        "order": 1,
        "disp": true,
        "width": "6",
        "collapse": false,
        "className": ""
    },
    {
        "id": "a6b2bd9f35eba9d7",
        "type": "function",
        "z": "0fffb42cf4046094",
        "name": "Engine Temp Sim",
        "func": "// Simulate engine temperature\nlet minTemp = 70; // minimum engine temperature\nlet maxTemp = 220; // maximum engine temperature\n\n// Generate a random engine temperature between minTemp and maxTemp\nlet engineTemperature = Math.floor(Math.random() * (maxTemp - minTemp + 1) + minTemp);\n\n// Create a JSON object with the value\nlet msgPayload = {\n    engineTemperature: engineTemperature\n};\n\nvar msg = {\n    payload: JSON.stringify(msgPayload),\n    topic: \"sensors/engineTemp\"\n};\n// Return the message object to be passed to the next node\nreturn msg;",
        "outputs": 1,
        "timeout": 0,
        "noerr": 0,
        "initialize": "",
        "finalize": "",
        "libs": [],
        "x": 370,
        "y": 300,
        "wires": [
            [
                "1564aa7db12a90ef",
                "f4e91c7f4c57881a"
            ]
        ]
    },
    {
        "id": "1564aa7db12a90ef",
        "type": "function",
        "z": "0fffb42cf4046094",
        "name": "Fuel Consumption",
        "func": "// Simulate fuel consumption\nfunction generateFuelConsumption(speed, engineTemperature) {\n    // Base fuel consumption as miles per gallon (mpg) or liters per 100km\n    let baseFuelConsumption = 30; // Example base value, assuming 30 mpg\n    \n    // Adjust fuel consumption based on speed and engine temperature\n    // Typically, fuel consumption increases as speed goes beyond an op�mal range\n    // or if the engine temperature is too high.\n    if (speed > 60) {\n        baseFuelConsumption -= (speed - 60) * 0.2;\n    }\n    if (engineTemperature > 200) {\n        baseFuelConsumption -= (engineTemperature - 200) * 0.1;\n    }\n    \n    // Add some randomness to simulate real-world variations\n    let randomVariation = Math.random() * 2; // +/- 1 mpg\n    baseFuelConsumption += (randomVariation - 1);\n    \n    // Ensure fuel consumption doesn't go below a threshold\n    if (baseFuelConsumption < 10) {\n        baseFuelConsumption = 10; // Minimum fuel consumption\n    }\n    return baseFuelConsumption;\n}\n\n// Example usage in Node-RED function node\nlet speed = msg.speed; // Extract speed from incoming message payload\n\nlet engineTemperature = msg.engineTemperature; // Extract engine temperature from incoming message payload\nlet fuelConsumption = generateFuelConsumption(speed, engineTemperature);\n\n// Create a new message payload with the simulated fuel consump�on value\nlet msgPayload = {\n    fuelConsumption: fuelConsumption.toFixed(2) // Round to 2 decimal places\n};\n\nvar msg = {\n    payload: JSON.stringify(msgPayload),\n    topic: \"sensors/fuelConsumption\"\n};\nreturn msg; // Return the message object to pass to the next node\n",
        "outputs": 1,
        "timeout": 0,
        "noerr": 0,
        "initialize": "",
        "finalize": "",
        "libs": [],
        "x": 670,
        "y": 300,
        "wires": [
            [
                "f4e91c7f4c57881a"
            ]
        ]
    },
    {
        "id": "0203b20c2f8ee149",
        "type": "function",
        "z": "0fffb42cf4046094",
        "name": "Speed Data",
        "func": "// Function to simulate speed data\nfunction simulateSpeed() {\n    // Define the speed range (in miles per hour or kilometers per hour)\n    const minSpeed = 0; // Min speed of the vehicle at rest\n    const maxSpeed = 120; // Max speed - hypothetical top speed of the vehicle\n    \n    // Randomly decide if the car accelerates or decelerates\n    const change = Math.random() > 0.5 ? 1 : -1;\n   \n    // Random acceleration factor between 1 and 5\n    const accelerationFactor = Math.floor(Math.random() * 5 + 1);\n    \n    // Retrieve the current speed from the flow context to maintain state\n    let currentSpeed = flow.get('currentSpeed') || 0;\n    \n    // Calculate new speed with random acceleration/deceleration\n    currentSpeed += change * accelerationFactor;\n   \n    // Ensure the speed stays within the min and max range\n    currentSpeed = Math.max(minSpeed, Math.min(maxSpeed, currentSpeed));\n   \n    // Update the flow context with the new speed\n    flow.set('currentSpeed', currentSpeed);\n    return currentSpeed;\n}\n\n\nlet msgPayload = {\n    speed: simulateSpeed()\n};\n\nvar msg = {\n    payload: JSON.stringify(msgPayload), // Simulate speed data\n    topic: \"sensors/speedData\"\n};\n// Return the message object to pass to the next node\nreturn msg;",
        "outputs": 1,
        "timeout": 0,
        "noerr": 0,
        "initialize": "",
        "finalize": "",
        "libs": [],
        "x": 350,
        "y": 416,
        "wires": [
            [
                "1564aa7db12a90ef",
                "f4e91c7f4c57881a"
            ]
        ]
    },
    {
        "id": "a27a1daf6ed3a1fb",
        "type": "function",
        "z": "0fffb42cf4046094",
        "name": "Seat Belt Engagement",
        "func": "// Function to simulate seat belt engagement data\nfunction simulateSeatBeltEngagement() {\n    // Define the probability of seatbelt being engaged\n    const probabilityOfEngagement = 0.8; // 80% chance the seatbelt is engaged\n    \n    // Generate a random number between 0 and 1\n    const randomNum = Math.random();\n    \n    // Determine seatbelt status based on the random number and probability\n    const seatBeltEngaged = randomNum < probabilityOfEngagement;\n   \n    return seatBeltEngaged;\n}\n\n// Call the simulateSeatBeltEngagement function and assign its value to msg.payload\nlet msgPayload = {\n   seatBeltEngagement: simulateSeatBeltEngagement() ? \"Engaged\" : \"Disengaged\"\n};\n\nvar msg = {\n    payload: JSON.stringify(msgPayload),\n    topic: \"sensors/seatBeltEngagement\"\n};\n\n// Return the message object to pass to the next node\nreturn msg;\n",
        "outputs": 1,
        "timeout": 0,
        "noerr": 0,
        "initialize": "",
        "finalize": "",
        "libs": [],
        "x": 380,
        "y": 500,
        "wires": [
            [
                "f4e91c7f4c57881a"
            ]
        ]
    },
    {
        "id": "1a024dfabef3941c",
        "type": "function",
        "z": "0fffb42cf4046094",
        "name": "Cabin Temperature",
        "func": "// Function to simulate cabin temperature data\nfunction simulateCabinTemperature() {\n    // Define the typical temperature range inside a vehicle cabin in degrees Celsius\n    const minTemp = 15; // Minimum cabin temperature\n    const maxTemp = 30; // Maximum cabin temperature\n    \n    // Simulate daily variation based on external factors\n    // For simplicity, we'll use a sine wave to simulate day/night temperature cycles\n    let hours = new Date().getHours();\n    let dailyVariation = Math.sin((hours / 24) * 2 * Math.PI);\n   \n    // Calculate the current cabin temperature within the range, adjusted for daily variation\n    let cabinTemperature = minTemp + (maxTemp - minTemp) / 2 + (dailyVariation * (maxTemp - minTemp) / 2);\n   \n    // Add some randomness to simulate minor fluctuations\n    let randomFluctuation = (Math.random() - 0.5) * 2; // +/- 1 degree fluctuation\n    cabinTemperature += randomFluctuation;\n\n    return cabinTemperature;\n}\n// Call the simulateCabinTemperature function and assign its value to msg.payload\nlet msgPayload = {\n    cabinTemperature: simulateCabinTemperature().toFixed(2) \n};\n\nvar msg = {\n    payload: JSON.stringify(msgPayload),\n    topic: \"sensors/cabinTemperature\"\n};\n// Return the message object to pass to the next node\nreturn msg;",
        "outputs": 1,
        "timeout": 0,
        "noerr": 0,
        "initialize": "",
        "finalize": "",
        "libs": [],
        "x": 370,
        "y": 592,
        "wires": [
            [
                "f4e91c7f4c57881a"
            ]
        ]
    },
    {
        "id": "7682a0e7cdb750c9",
        "type": "inject",
        "z": "0fffb42cf4046094",
        "name": "",
        "props": [],
        "repeat": "1",
        "crontab": "",
        "once": true,
        "onceDelay": "10",
        "topic": "",
        "x": 90,
        "y": 580,
        "wires": [
            [
                "0e2c59749ca4a085",
                "1a024dfabef3941c",
                "a27a1daf6ed3a1fb",
                "0203b20c2f8ee149",
                "1564aa7db12a90ef",
                "a6b2bd9f35eba9d7",
                "77126e9bf3545556"
            ]
        ]
    },
    {
        "id": "0e2c59749ca4a085",
        "type": "function",
        "z": "0fffb42cf4046094",
        "name": "Tire Pressures",
        "func": "// Function to simulate tire pressure data for four tires\nfunction simulateTirePressure() {\n    // Define the normal tire pressure range in psi\n    const minPressure = 30; // Minimum normal pressure\n    const maxPressure = 35; // Maximum normal pressure\n   \n    // Function to generate random pressure for a tire\n    const generatePressure = () => Math.floor(Math.random() * (maxPressure - minPressure + 1) + minPressure);\n \n    // Generate random pressure for each tire\n    let tirePressures = {\n        frontLeft: generatePressure(),\n        frontRight: generatePressure(),\n        rearLeft: generatePressure(),\n        rearRight: generatePressure()\n    };\n    return tirePressures;\n}\n\n// Call the simulateTirePressure function and assign its value to msg.payload\nlet msgPayload = {\n    tirePressure: simulateTirePressure() // Simulate tire pressure data\n}\n\nvar msg = {\n    payload: JSON.stringify(msgPayload),\n    topic: \"sensors/tirePressure\"\n};\n// Return the message object to pass to the next node\nreturn msg;\n",
        "outputs": 1,
        "timeout": 0,
        "noerr": 0,
        "initialize": "",
        "finalize": "",
        "libs": [],
        "x": 380,
        "y": 680,
        "wires": [
            [
                "f4e91c7f4c57881a"
            ]
        ]
    },
    {
        "id": "6cbe8a940f64bf39",
        "type": "ui_gauge",
        "z": "0fffb42cf4046094",
        "name": "",
        "group": "be3d3f8a51a9d16f",
        "order": 1,
        "width": 0,
        "height": 0,
        "gtype": "gage",
        "title": "Engine Temperature",
        "label": "Celsius",
        "format": "{{value}}",
        "min": "70",
        "max": "220",
        "colors": [
            "#00b500",
            "#e6e600",
            "#ca3838"
        ],
        "seg1": "40",
        "seg2": "80",
        "diff": false,
        "className": "",
        "x": 860,
        "y": 880,
        "wires": []
    },
    {
        "id": "f4e91c7f4c57881a",
        "type": "mqtt out",
        "z": "0fffb42cf4046094",
        "name": "",
        "topic": "",
        "qos": "",
        "retain": "",
        "respTopic": "",
        "contentType": "",
        "userProps": "",
        "correl": "",
        "expiry": "",
        "broker": "97db1efe.5325",
        "x": 870,
        "y": 540,
        "wires": []
    },
    {
        "id": "f2b498f7d8df77ac",
        "type": "mqtt in",
        "z": "0fffb42cf4046094",
        "name": "",
        "topic": "#",
        "qos": "2",
        "datatype": "auto-detect",
        "broker": "97db1efe.5325",
        "nl": false,
        "rap": true,
        "rh": 0,
        "inputs": 0,
        "x": 130,
        "y": 860,
        "wires": [
            [
                "145c68be3162c7c4"
            ]
        ]
    },
    {
        "id": "8e12889aeaa8daba",
        "type": "debug",
        "z": "0fffb42cf4046094",
        "name": "air quality",
        "active": true,
        "tosidebar": true,
        "console": false,
        "tostatus": false,
        "complete": "payload",
        "targetType": "msg",
        "statusVal": "",
        "statusType": "auto",
        "x": 640,
        "y": 740,
        "wires": []
    },
    {
        "id": "77126e9bf3545556",
        "type": "function",
        "z": "0fffb42cf4046094",
        "name": "Air Quality",
        "func": "// Function to simulate air quality data\nfunction simulateAirQuality() {\n    // Define the AQI range\n    const minAQI = 0; // Good air quality\n    const maxAQI = 500; // Hazardous air quality\n    \n    // Generate a random AQI within the range\n    let aqi = Math.floor(Math.random() * (maxAQI - minAQI + 1) + minAQI);\n    return aqi;\n}\n\n// Call the simulateAirQuality function and assign its value to msg.payload\nlet msgPayload = {\n    airQualityIndex: simulateAirQuality() // Simulate air quality data\n};\n\nvar msg = {\n    payload: JSON.stringify(msgPayload),\n    topic: \"sensors/airQuality\"\n};\n\n// Return the message object to pass to the next node\nreturn msg;",
        "outputs": 1,
        "timeout": 0,
        "noerr": 0,
        "initialize": "",
        "finalize": "",
        "libs": [],
        "x": 370,
        "y": 720,
        "wires": [
            [
                "f4e91c7f4c57881a"
            ]
        ]
    },
    {
        "id": "145c68be3162c7c4",
        "type": "function",
        "z": "0fffb42cf4046094",
        "name": "Data Router",
        "func": "var strVar = msg.topic;\nvar aqi, fuelCons, engTemp, speed, cabTemp, seatBelt, tirePres;\nif (strVar == \"sensors/airQuality\")\n{\n    aqi = {\n    payload: msg.payload.airQualityIndex\n    }\n}\nif (strVar ==\"sensors/fuelConsumption\")\n{\n    fuelCons = {\n        topic: \"MPG\",\n        payload: msg.payload.fuelConsumption\n    }\n}\nif (strVar ==\"sensors/engineTemp\")\n{\n    engTemp = {\n        payload: msg.payload.engineTemperature\n    }\n}\n\nif (strVar ==\"sensors/speedData\")\n{\n    speed = {\n        topic: \"MPH\",\n        payload: msg.payload.speed\n    }\n}\n\nif (strVar ==\"sensors/cabinTemperature\")\n{\n    cabTemp = {\n        payload: msg.payload.cabinTemperature\n    }\n}\n\nif (strVar ==\"sensors/seatBeltEngagement\")\n{\n    seatBelt = {\n        payload: msg.payload.seatBeltEngagement\n    }\n}\n\nif (strVar == \"sensors/tirePressure\") {\n    var totalTirePressure = msg.payload.tirePressure.frontLeft + msg.payload.tirePressure.frontRight\n                    + msg.payload.tirePressure.rearLeft + msg.payload.tirePressure.rearRight;\n    var avgTirePressure = totalTirePressure/4;\n    tirePres = {\n        payload: avgTirePressure\n    }\n}\n\n\n\nreturn [aqi, fuelCons, engTemp, speed, cabTemp, seatBelt, tirePres];\n",
        "outputs": 7,
        "timeout": 0,
        "noerr": 0,
        "initialize": "",
        "finalize": "",
        "libs": [],
        "x": 370,
        "y": 840,
        "wires": [
            [
                "8e12889aeaa8daba",
                "12559be335573a11"
            ],
            [
                "e9e74b52b5ad270a",
                "a15c1a9f19f8e4ff"
            ],
            [
                "6cbe8a940f64bf39",
                "40442b5e29fc9481"
            ],
            [
                "2a4c4c321d550aa5",
                "3ff8ad8249b6ef03"
            ],
            [
                "820bada9a57dd00b",
                "4876e3fffc94d885"
            ],
            [
                "67a2a3e7f95125cf",
                "b021b85f7308eaa1"
            ],
            [
                "8dc6fc2e5e746523",
                "0da56b91ed545858"
            ]
        ]
    },
    {
        "id": "e9e74b52b5ad270a",
        "type": "debug",
        "z": "0fffb42cf4046094",
        "name": "fuel consumption",
        "active": true,
        "tosidebar": true,
        "console": false,
        "tostatus": false,
        "complete": "payload",
        "targetType": "msg",
        "statusVal": "",
        "statusType": "auto",
        "x": 810,
        "y": 780,
        "wires": []
    },
    {
        "id": "40442b5e29fc9481",
        "type": "debug",
        "z": "0fffb42cf4046094",
        "name": "engine temperature",
        "active": true,
        "tosidebar": true,
        "console": false,
        "tostatus": false,
        "complete": "payload",
        "targetType": "msg",
        "statusVal": "",
        "statusType": "auto",
        "x": 710,
        "y": 840,
        "wires": []
    },
    {
        "id": "2a4c4c321d550aa5",
        "type": "debug",
        "z": "0fffb42cf4046094",
        "name": "speed",
        "active": true,
        "tosidebar": true,
        "console": false,
        "tostatus": false,
        "complete": "payload",
        "targetType": "msg",
        "statusVal": "",
        "statusType": "auto",
        "x": 770,
        "y": 920,
        "wires": []
    },
    {
        "id": "820bada9a57dd00b",
        "type": "debug",
        "z": "0fffb42cf4046094",
        "name": "cabin temperature",
        "active": true,
        "tosidebar": true,
        "console": false,
        "tostatus": false,
        "complete": "payload",
        "targetType": "msg",
        "statusVal": "",
        "statusType": "auto",
        "x": 750,
        "y": 1180,
        "wires": []
    },
    {
        "id": "67a2a3e7f95125cf",
        "type": "debug",
        "z": "0fffb42cf4046094",
        "name": "SeatBelt",
        "active": true,
        "tosidebar": true,
        "console": false,
        "tostatus": false,
        "complete": "payload",
        "targetType": "msg",
        "statusVal": "",
        "statusType": "auto",
        "x": 600,
        "y": 1380,
        "wires": []
    },
    {
        "id": "7278e7370db6aab7",
        "type": "ui_text",
        "z": "0fffb42cf4046094",
        "group": "be3d3f8a51a9d16f",
        "order": 3,
        "width": 0,
        "height": 0,
        "name": "",
        "label": "Seat Belt Engagement: ",
        "format": "{{msg.payload}}",
        "layout": "col-center",
        "className": "",
        "style": true,
        "font": "",
        "fontSize": 16,
        "color": "#000000",
        "x": 830,
        "y": 1340,
        "wires": []
    },
    {
        "id": "b021b85f7308eaa1",
        "type": "function",
        "z": "0fffb42cf4046094",
        "name": "Seat Belt Engagment Display Control",
        "func": "if(msg.payload === \"Engaged\") {\n    msg.color = \"green\";\n    msg.payload = \"Engaged\";\n} else {\n    msg.color =   \"red\";\n    msg.payload = \"Disengaged\";\n}\nreturn msg;\n",
        "outputs": 1,
        "timeout": 0,
        "noerr": 0,
        "initialize": "",
        "finalize": "",
        "libs": [],
        "x": 530,
        "y": 1460,
        "wires": [
            [
                "7278e7370db6aab7"
            ]
        ]
    },
    {
        "id": "a15c1a9f19f8e4ff",
        "type": "ui_chart",
        "z": "0fffb42cf4046094",
        "name": "",
        "group": "593b6995eba0262d",
        "order": 2,
        "width": 0,
        "height": 0,
        "label": "Fuel Consumption",
        "chartType": "line",
        "legend": "true",
        "xformat": "auto",
        "interpolate": "linear",
        "nodata": "",
        "dot": false,
        "ymin": "",
        "ymax": "",
        "removeOlder": "10",
        "removeOlderPoints": "",
        "removeOlderUnit": "60",
        "cutout": 0,
        "useOneColor": false,
        "useUTC": false,
        "colors": [
            "#1f77b4",
            "#aec7e8",
            "#ff7f0e",
            "#2ca02c",
            "#98df8a",
            "#d62728",
            "#ff9896",
            "#9467bd",
            "#c5b0d5"
        ],
        "outputs": 1,
        "useDifferentColor": false,
        "className": "",
        "x": 1010,
        "y": 820,
        "wires": [
            []
        ]
    },
    {
        "id": "8dc6fc2e5e746523",
        "type": "ui_gauge",
        "z": "0fffb42cf4046094",
        "name": "",
        "group": "be3d3f8a51a9d16f",
        "order": 2,
        "width": 0,
        "height": 0,
        "gtype": "gage",
        "title": "Average Tire Pressure",
        "label": "PSI",
        "format": "{{value}}",
        "min": "20",
        "max": "40",
        "colors": [
            "#00b500",
            "#e6e600",
            "#ca3838"
        ],
        "seg1": "",
        "seg2": "",
        "diff": false,
        "className": "",
        "x": 920,
        "y": 1060,
        "wires": []
    },
    {
        "id": "0da56b91ed545858",
        "type": "debug",
        "z": "0fffb42cf4046094",
        "name": "Tire Pressure",
        "active": true,
        "tosidebar": true,
        "console": false,
        "tostatus": false,
        "complete": "payload",
        "targetType": "msg",
        "statusVal": "",
        "statusType": "auto",
        "x": 820,
        "y": 1020,
        "wires": []
    },
    {
        "id": "4876e3fffc94d885",
        "type": "ui_gauge",
        "z": "0fffb42cf4046094",
        "name": "",
        "group": "577648d12a47c19f",
        "order": 1,
        "width": 0,
        "height": 0,
        "gtype": "gage",
        "title": "Cabin Temperature",
        "label": "Celsius",
        "format": "{{value}}",
        "min": "15",
        "max": "30",
        "colors": [
            "#00b500",
            "#e6e600",
            "#ca3838"
        ],
        "seg1": "20",
        "seg2": "25",
        "diff": false,
        "className": "",
        "x": 850,
        "y": 1140,
        "wires": []
    },
    {
        "id": "3ff8ad8249b6ef03",
        "type": "ui_chart",
        "z": "0fffb42cf4046094",
        "name": "",
        "group": "593b6995eba0262d",
        "order": 1,
        "width": 0,
        "height": 0,
        "label": "Speed",
        "chartType": "line",
        "legend": "true",
        "xformat": "auto",
        "interpolate": "linear",
        "nodata": "",
        "dot": false,
        "ymin": "0",
        "ymax": "120",
        "removeOlder": "10",
        "removeOlderPoints": "",
        "removeOlderUnit": "60",
        "cutout": 0,
        "useOneColor": false,
        "useUTC": false,
        "colors": [
            "#1f77b4",
            "#aec7e8",
            "#ff7f0e",
            "#2ca02c",
            "#98df8a",
            "#d62728",
            "#ff9896",
            "#9467bd",
            "#c5b0d5"
        ],
        "outputs": 1,
        "useDifferentColor": false,
        "className": "",
        "x": 890,
        "y": 960,
        "wires": [
            []
        ]
    },
    {
        "id": "12559be335573a11",
        "type": "ui_gauge",
        "z": "0fffb42cf4046094",
        "name": "",
        "group": "577648d12a47c19f",
        "order": 1,
        "width": 0,
        "height": 0,
        "gtype": "gage",
        "title": "Air Quality",
        "label": "AQI",
        "format": "{{value}}",
        "min": 0,
        "max": "500",
        "colors": [
            "#00b500",
            "#e6e600",
            "#ca3838"
        ],
        "seg1": "",
        "seg2": "",
        "diff": false,
        "className": "",
        "x": 650,
        "y": 700,
        "wires": []
    }
]