[
  {
    "deviceId": "sensor01",
    "deviceType": "Sensor",
    "data": "[2024-02-17T00:04:57.854Z] Motion Detected",
    "command": "[2024-02-14T02:32:11.275Z] sleep"
  },
  {
    "deviceId": "camera01",
    "deviceType": "Camera",
    "data": "[2024-02-14T02:32:50.679Z] Image too dark",
    "command": "[2024-02-14T02:33:03.966Z] Power down"
  },
  {
    "deviceId": "sensor03",
    "deviceType": "Sensor",
    "data": "[2024-02-17T00:04:50.010Z] Motion Detected",
    "command": ""
  },
  {
    "deviceId": "sensor05",
    "deviceType": "Sensor",
    "data": "[2024-02-17T00:51:05.619Z] Motion Detected",
    "command": "[2024-02-17T00:54:04.011Z] Reboot"
  }
]